4413,pick,jug,-1.0645195245742798,-0.016350431367754936,0.9808416962623596,0.026890208944678307,0.02388858050107956,-0.0967969298362732,-0.9946540594100952
4777,place,jug,0.6739230751991272,-0.2352973222732544,1.1637921333312988,-0.04693009331822395,0.04202058166265488,0.9911320805549622,0.11700035631656647
5351,pick,bowl,-1.0854239463806152,-0.03077208623290062,1.2532670497894287,-0.6872172951698303,0.04732063412666321,0.08062344789505005,-0.7204117178916931
5710,place,bowl,0.686722457408905,-0.2154979407787323,0.7546824812889099,0.5883592367172241,0.377676397562027,0.5062509179115295,0.5048802495002747
7533,pick,jug,0.6875104904174805,-0.2545626759529114,1.096557855606079,-0.004662724677473307,-0.006205715239048004,0.9668394327163696,0.25526702404022217
7846,place,jug,-1.072628140449524,-0.019868403673171997,1.3334696292877197,0.009826501831412315,0.03741057217121124,0.5462777614593506,0.8367105722427368
8268,pick,bowl,0.6817853450775146,-0.2432401180267334,0.7159916162490845,0.6230254173278809,0.3957727253437042,0.4508974850177765,0.5018911957740784
8628,place,bowl,-1.0842037200927734,-0.016661226749420166,0.9157954454421997,0.6647940278053284,-0.15299542248249054,-0.15027664601802826,0.7155824303627014
8865,pick,cup_green,-1.1152452230453491,0.13041569292545319,1.2269858121871948,0.025904035195708275,-0.0007385778008028865,0.9695392847061157,0.24356123805046082
9211,place,cup_green,0.7554092407226562,-0.27469098567962646,1.0017353296279907,0.0003215816104784608,-0.011083993129432201,-0.6886013150215149,0.7250553965568542
9748,pick,cup_red,-1.0878312587738037,-0.2476699948310852,1.227367639541626,-0.0246132742613554,0.030111050233244896,-0.5923030376434326,-0.804776132106781
10169,place,cup_red,0.6169145703315735,-0.26317039132118225,0.9658190011978149,0.05183672532439232,-0.029380962252616882,0.9626415371894836,0.264142245054245
10580,pick,cup_pink,-1.111175298690796,0.1721525490283966,0.8677486777305603,-0.0051985434256494045,-0.023993367329239845,0.6416898369789124,-0.7665712833404541
11293,place,cup_pink,0.7588679194450378,-0.22911813855171204,0.6690765023231506,-0.0064163608476519585,0.017406558617949486,-0.3148328363895416,0.9489657878875732
11640,pick,cup_blue,-1.1117972135543823,-0.0003248583525419235,0.525539219379425,0.07084828615188599,-0.012728102505207062,-0.8579668998718262,-0.5086367726325989
11977,place,cup_blue,0.6406146287918091,-0.24231252074241638,0.7261090278625488,-0.07253462076187134,-0.026386898010969162,0.9840458631515503,-0.16030080616474152
13116,pick,cup_green,0.7604106664657593,-0.2657907009124756,0.9718949794769287,0.04340502619743347,0.017936846241354942,-0.8379082083702087,0.543786883354187
13454,place,cup_green,-1.1283185482025146,0.14116929471492767,1.2412605285644531,-0.008746153675019741,-0.019187767058610916,-0.8926788568496704,-0.450199693441391
13999,pick,cup_red,0.6210585832595825,-0.25493988394737244,0.9750049710273743,0.05593351647257805,-0.030807262286543846,0.9362902641296387,0.34537383913993835
14473,place,cup_red,-1.1422325372695923,0.14810630679130554,0.8653582334518433,0.01412990689277649,-0.03804902732372284,0.005587244406342506,0.9991604089736938
15178,pick,cup_pink,0.7603510022163391,-0.22709593176841736,0.6691634654998779,-0.00658412603661418,0.010527322068810463,-0.3482055068016052,0.9373360276222229
15723,place,cup_pink,-1.100190281867981,-0.2630966603755951,1.2383737564086914,-0.035661377012729645,0.008216345682740211,-0.9542161822319031,0.29687070846557617
16159,pick,cup_blue,0.6193142533302307,-0.23076170682907104,0.6728217601776123,-0.0480024553835392,0.04503773897886276,0.9977447390556335,-0.013143109157681465
16559,place,cup_blue,-1.106176733970642,-0.2749723792076111,1.5973879098892212,0.012856367975473404,0.0639745369553566,0.992711067199707,0.10132510215044022
16818,pick,jug,-1.0976969003677368,-0.03999222815036774,1.3312007188796997,0.002119944430887699,-0.0034885306376963854,0.47130322456359863,0.8819618225097656
17160,place,jug,0.6652122735977173,-0.2560047507286072,1.1237432956695557,0.022045301273465157,0.009269037283957005,-0.9796689748764038,-0.19919030368328094
17672,pick,bowl,-1.114461064338684,-0.01156671904027462,0.9020757675170898,0.69899582862854,-0.09521688520908356,-0.14562681317329407,0.6936363577842712
18294,place,bowl,0.6748600006103516,-0.24930226802825928,0.7542101144790649,-0.5085819959640503,-0.3779808580875397,-0.5159399509429932,-0.5764381289482117
19615,pick,plate_red,-1.1206294298171997,-0.1927950382232666,0.8437161445617676,-0.00848461501300335,-0.016966912895441055,0.2784202992916107,-0.960271954536438
20049,place,plate_red,0.6372147798538208,1.9320472478866577,0.7576317191123962,-0.04091844707727432,0.03369346633553505,0.8458647131919861,-0.5307573676109314
21046,pick,plate_blue,-1.1164342164993286,-0.2160281091928482,0.4850400388240814,-0.004734961315989494,0.008435934782028198,0.9999192357063293,-0.008249890059232712
21470,place,plate_blue,0.34757527709007263,2.1526548862457275,0.7421939969062805,-0.016267649829387665,-0.022139642387628555,0.643422544002533,0.7650180459022522
21983,pick,plate_pink,-1.126560091972351,-0.12288835644721985,1.5493159294128418,-0.067080557346344,0.00430108280852437,0.9716784358024597,0.226545512676239
22407,place,plate_pink,0.8513147830963135,2.244511604309082,0.7189459204673767,-0.06727223098278046,0.009135010652244091,0.5127736330032349,0.8558353781700134
22829,pick,plate_green,-1.11201012134552,0.09456844627857208,1.5480093955993652,-0.019541310146450996,0.07824284583330154,0.7772627472877502,-0.6239863634109497
23259,place,plate_green,0.5815205574035645,2.415508270263672,0.7544654011726379,0.08676010370254517,0.05412164703011513,0.8646239638328552,0.4919036328792572
23829,pick,cup_pink,-1.1035192012786865,-0.2696263790130615,1.2278916835784912,-0.03251845762133598,-0.010431958362460136,-0.9987462162971497,0.03660372644662857
24245,place,cup_pink,0.7898526191711426,1.9511210918426514,0.7814396023750305,0.010169515386223793,0.04331600293517113,-0.7827534675598145,-0.6207393407821655
24797,pick,cup_green,-1.1258388757705688,0.11722945421934128,1.2205289602279663,0.01750366762280464,-0.02018771320581436,-0.7245091795921326,-0.6887471675872803
25238,place,cup_green,0.4269034266471863,2.438673973083496,0.7654076814651489,-0.0009313204791396856,0.00507308728992939,-0.0005779790226370096,-0.9999865293502808
25760,pick,cup_blue,-1.127606749534607,-0.27645328640937805,1.5776786804199219,0.029310569167137146,-0.009696785360574722,0.9869939088821411,0.1577656865119934
26130,place,cup_blue,0.33512136340141296,2.009032964706421,0.7724031209945679,-0.002264108508825302,-0.024331584572792053,0.5557856559753418,0.8309664130210876
26631,pick,cup_red,-1.1440516710281372,0.138051837682724,0.8714664578437805,0.013388209976255894,-0.04472954943776131,-0.0634152889251709,0.9968945384025574
27088,place,cup_red,0.8590033650398254,2.392458200454712,0.7751142978668213,-0.04099544510245323,-0.010162405669689178,-0.5400429368019104,0.8405770063400269
27711,pick,bowl,0.6882825493812561,-0.25958284735679626,0.7078608870506287,-0.5296182632446289,-0.4477572441101074,-0.49095630645751953,-0.5272380709648132
28171,place,bowl,0.6074126958847046,2.190734386444092,0.7834654450416565,-0.45260363817214966,0.5493950843811035,0.5542445182800293,-0.43142569065093994
29250,pick,cup_green,0.4293259084224701,2.4408185482025146,0.7545676827430725,-0.053206123411655426,-0.020315684378147125,0.340095579624176,-0.9386647343635559
29715,place,cup_green,-1.0823665857315063,-0.23699484765529633,1.58197021484375,0.040561381727457047,-0.017205381765961647,0.966444730758667,-0.25306785106658936
30313,pick,cup_blue,0.34809553623199463,2.0038774013519287,0.749148964881897,-0.007099811919033527,0.024446001276373863,0.537752091884613,0.8427187204360962
30732,place,cup_blue,-1.0833520889282227,-0.09660328924655914,1.580426812171936,0.04782440885901451,0.01077345386147499,-0.841385006904602,0.5382083654403687
31323,pick,plate_green,0.5849652290344238,2.4553048610687256,0.7148754000663757,0.04083428531885147,0.03520593047142029,0.8405850529670715,0.5389896631240845
31781,place,plate_green,-1.102996826171875,-0.20649588108062744,1.2146557569503784,0.0830441564321518,-0.026984931901097298,-0.17610982060432434,0.9804901480674744
32285,pick,plate_blue,0.31833314895629883,2.1746530532836914,0.7188283801078796,-0.008097508922219276,0.006173867732286453,0.7673215866088867,0.6411816477775574
32655,place,plate_blue,-1.109490156173706,-0.0311624426394701,1.1959927082061768,-0.057768840342760086,-0.02351553551852703,0.9098463654518127,-0.41023096442222595
34097,pick,bowl,0.613697350025177,2.206908941268921,0.7787523865699768,-0.5126964449882507,0.46385592222213745,0.5018000602722168,-0.5197854042053223
34607,place,bowl,0.6745349764823914,-0.26743829250335693,0.7146798968315125,0.2080744355916977,0.6502695083618164,0.7103010416030884,0.17125168442726135
35826,pick,cup_pink,0.8092484474182129,1.9579839706420898,0.76491379737854,-0.03230481594800949,-0.02695593237876892,-0.8517498970031738,-0.52225661277771
36224,place,cup_pink,-1.0916619300842285,0.03834468871355057,1.5757052898406982,-0.004490936174988747,0.02742026373744011,-0.8990580439567566,0.43694692850112915
36762,pick,plate_pink,0.8435157537460327,2.246631622314453,0.7208084464073181,-0.02438119612634182,0.0049666534177958965,0.5147253274917603,0.8569940328598022
37233,place,plate_pink,-1.0794715881347656,-0.19000354409217834,0.9181240200996399,-0.03393019363284111,0.0347382090985775,0.9810865521430969,0.18737958371639252
38314,pick,plate_pink,-1.1399965286254883,-0.24070340394973755,0.8360477685928345,-0.010007757693529129,-0.024256132543087006,0.9796720743179321,0.1988823562860489
38766,place,plate_pink,0.6809045076370239,2.0931077003479004,0.9579026103019714,0.06677822768688202,0.052173860371112823,0.4494079351425171,0.8892980217933655
39441,pick,cup_pink,-1.1223326921463013,0.015175711363554,1.5747730731964111,-0.03491045907139778,0.03692669793963432,-0.9263623356819153,0.3731898367404938
39849,place,cup_pink,0.7977332472801208,1.9420421123504639,0.7709614038467407,0.015500342473387718,0.01128204632550478,-0.908881425857544,-0.41661372780799866
40726,pick,jug,0.6692346334457397,-0.26390814781188965,1.088426113128662,0.010593526065349579,-0.00140286423265934,-0.9925035238265991,-0.12174773216247559
41081,place,jug,0.5351372361183167,2.1801352500915527,0.8598850965499878,0.013742749579250813,-0.00027779434458352625,-0.7453041076660156,0.6665830612182617
42037,pick,cup_pink,0.7985759377479553,1.9644144773483276,0.7572429776191711,0.00387106672860682,-0.005188106559216976,-0.8877499103546143,-0.46028074622154236
42602,place,cup_pink,0.7683266997337341,-0.2758566737174988,1.0139682292938232,-0.006960445083677769,0.035895682871341705,-0.047386933118104935,-0.998207151889801
43186,pick,cup_red,0.8498484492301941,2.3986551761627197,0.75067138671875,-0.04491056501865387,-0.025964470580220222,-0.6401872634887695,0.7664654850959778
43610,place,cup_red,0.6342886090278625,-0.2820967733860016,0.9981801509857178,0.053429216146469116,-0.046894341707229614,0.9647141695022583,0.25352105498313904
44116,pick,cup_green,-1.1005401611328125,-0.253485769033432,1.5735186338424683,0.015244385227560997,-0.014138482511043549,0.995358407497406,-0.0939655601978302
44566,place,cup_green,0.7044110298156738,-0.2154870331287384,0.9628773927688599,-0.004341499879956245,-0.005102526396512985,-0.5300950407981873,0.8479118347167969
44971,pick,cup_blue,-1.1233693361282349,-0.11354884505271912,1.5807667970657349,-0.03801697492599487,0.021397000178694725,-0.8602871298789978,0.5079399347305298
45479,place,cup_blue,0.5785791873931885,-0.21125636994838715,0.9703289866447449,-0.014017141424119473,-0.10783159732818604,0.1536371111869812,-0.982125997543335
47371,pick,cup_blue,0.5782475471496582,-0.21340656280517578,0.9681695699691772,0.002255970612168312,-0.04432182386517525,0.08103037625551224,-0.9957231879234314
47738,place,cup_blue,-1.0943787097930908,-0.25817200541496277,1.5826942920684814,-0.013317571021616459,0.048851095139980316,0.968747079372406,-0.24282759428024292
48194,pick,cup_red,0.6537309885025024,-0.293366014957428,0.962706983089447,0.01605289615690708,0.0008238136069849133,0.9600515961647034,0.27936115860939026
48566,place,cup_red,-1.112128496170044,-0.14487797021865845,1.5747106075286865,-0.056974124163389206,-0.038149330765008926,0.0828641802072525,0.994199275970459
49168,pick,plate_red,0.6492565274238586,1.9646517038345337,0.7250388860702515,0.0034693169873207808,0.03530575707554817,0.8217809796333313,-0.5686980485916138
49618,place,plate_red,-1.1215571165084839,0.05359852313995361,1.5682883262634277,0.011778793297708035,0.023100949823856354,0.44733452796936035,-0.8939908146858215
50697,pick,jug,0.5733645558357239,2.2114005088806152,0.8671701550483704,-0.012988154776394367,0.0129627026617527,-0.705640435218811,0.7083324790000916
51071,place,jug,0.5715559720993042,-0.2347806692123413,1.1650758981704712,0.06187406927347183,0.03626706078648567,-0.9672280550003052,-0.24356994032859802
54003,pick,cup_pink,0.7664144039154053,-0.2831231653690338,0.9660574793815613,0.003836727933958173,0.015835721045732498,-0.058902300894260406,-0.9981307983398438
54403,place,cup_pink,-1.09162437915802,-0.07199493795633316,0.8849127292633057,0.05943397805094719,0.009624573402106762,0.806494951248169,-0.5881674885749817
55020,pick,cup_green,0.7307378053665161,-0.22207003831863403,0.9691746830940247,0.05413695052266121,0.012584218755364418,-0.6189544200897217,0.7834579944610596
55370,place,cup_green,-1.0982667207717896,0.04952382296323776,0.8867377638816833,-0.025203926488757133,-0.017758121713995934,-0.9306731820106506,0.36455023288726807
58419,pick,plate_blue,-1.128450870513916,-0.031013451516628265,1.197653889656067,0.013614588417112827,0.016256744042038918,0.9207563996315002,-0.3895614445209503
58895,place,plate_blue,0.34997135400772095,2.1909942626953125,0.7523265480995178,0.026831738650798798,-0.0467371940612793,0.5589461922645569,0.8274508714675903
59476,pick,cup_blue,-1.1074755191802979,-0.27269330620765686,1.5806536674499512,0.009578840807080269,-0.0028344332240521908,0.9943979978561401,-0.10522811859846115
59878,place,cup_blue,0.38480791449546814,1.9968080520629883,0.7740944027900696,-0.0005407577264122665,-0.043750569224357605,0.8317782878875732,0.5533811450004578
60481,pick,plate_pink,-1.1104350090026855,-0.26305627822875977,0.8338896036148071,-0.027296626940369606,0.015771616250276566,0.9809661507606506,0.19160255789756775
60923,place,plate_pink,0.6606358289718628,1.9416784048080444,0.7351863384246826,-0.04737560823559761,-0.0011943994322791696,0.6786106824874878,0.7329677939414978
61500,pick,cup_pink,-1.114196538925171,-0.08763473480939865,0.8753179311752319,-0.0594213642179966,-0.025141533464193344,0.8384076356887817,-0.5412111878395081
61998,place,cup_pink,0.8286551833152771,1.9667880535125732,0.7604677677154541,0.019791528582572937,-0.03279935196042061,0.9034213423728943,0.4270392954349518
62638,pick,bowl,0.6855263710021973,-0.2606123983860016,0.7090128660202026,0.1368369609117508,0.6491845846176147,0.7275965213775635,0.17446604371070862
63176,place,bowl,0.6561033725738525,2.260253429412842,0.776779055595398,0.6311613321304321,-0.2586197555065155,-0.2707296311855316,0.6793060898780823
64205,pick,cup_blue,0.3927566111087799,2.017953872680664,0.758777379989624,0.014903762377798557,0.035926442593336105,0.8319516181945801,0.553483247756958
64681,place,cup_blue,0.778737485408783,-0.2339201718568802,0.7136221528053284,-0.011004509404301643,-0.006198232062160969,0.6530480980873108,-0.7572110891342163
65355,pick,cup_pink,0.8395899534225464,1.974813461303711,0.7550337910652161,0.007093940861523151,-0.001551555935293436,0.8820474743843079,0.4711046516895294
65839,place,cup_pink,0.6631802916526794,-0.22821620106697083,0.6956802606582642,-0.012934631668031216,-0.033083152025938034,0.41694384813308716,-0.9082379341125488
66330,pick,cup_green,-1.12270188331604,0.03845638409256935,0.8705289363861084,-0.010913803242146969,-0.0017479037633165717,-0.9326843619346619,0.36052432656288147
66777,place,cup_green,0.7941173911094666,-0.25344496965408325,1.0078290700912476,0.02378089353442192,0.013015905395150185,0.4610920250415802,-0.8869381546974182
67607,pick,jug,0.6004002094268799,-0.2618733048439026,1.093775987625122,0.008818515576422215,-0.010544655844569206,-0.986900806427002,-0.16074134409427643
67980,place,jug,-1.1041080951690674,0.07147033512592316,1.3304612636566162,-0.0028965859673917294,0.0005360778886824846,-0.26957544684410095,-0.9629748463630676
68185,pick,cup_red,-1.1127045154571533,-0.16116860508918762,1.5762559175491333,0.05921603739261627,-0.05302870273590088,0.029998455196619034,0.9963842630386353
68559,place,cup_red,0.6396917104721069,-0.2582480013370514,0.9649436473846436,-0.021540213376283646,0.06974010169506073,-0.7346182465553284,-0.6745431423187256
69604,pick,cup_red,0.6402384042739868,-0.2571007013320923,0.9704299569129944,-0.04922567680478096,0.003398892702534795,-0.7418209314346313,-0.6687803268432617
69986,place,cup_red,-1.1106629371643066,-0.23700234293937683,1.5801055431365967,-0.03235649690032005,0.02325834333896637,-0.23221617937088013,-0.9718475937843323
70517,pick,cup_blue,0.7994251251220703,-0.24403075873851776,0.6745729446411133,-0.08081704378128052,-0.01629585586488247,0.5787190198898315,-0.8113491535186768
70904,place,cup_blue,-1.101759433746338,-0.23493801057338715,0.8857472538948059,0.0015990710817277431,-0.01895068772137165,0.8931542038917542,-0.4493483901023865
71504,pick,plate_blue,0.3606018126010895,2.191180944442749,0.719840943813324,-0.02516808733344078,-0.0272117517888546,0.5282514095306396,0.8482787013053894
71884,place,plate_blue,-1.124207854270935,-0.05381258949637413,0.8654406070709229,-0.012296928092837334,-0.018865277990698814,0.9823894500732422,0.18548308312892914
72824,pick,bowl,0.6561181545257568,2.2769501209259033,0.7800964117050171,0.6549463868141174,-0.22845351696014404,-0.2512022852897644,0.6750938892364502
73279,place,bowl,-1.1047780513763428,-0.16914862394332886,0.5672103762626648,0.6810781955718994,0.10046084970235825,0.10446314513683319,0.7177238464355469
75501,pick,cup_pink,0.6700710654258728,-0.23458483815193176,0.6778641939163208,-0.008779616095125675,0.06402324140071869,0.414518266916275,-0.9077437520027161
75840,place,cup_pink,0.6646833419799805,2.094533920288086,0.7759960293769836,-0.0364471971988678,-0.005593172274529934,-0.9969279766082764,-0.0691010057926178
76406,pick,plate_green,-1.1158602237701416,-0.22492779791355133,1.191415786743164,0.016133988276124,-0.03452245146036148,-0.17176011204719543,0.984401524066925
76879,place,plate_green,0.8788263201713562,2.2215261459350586,0.741948664188385,0.007249247282743454,-0.07885614782571793,-0.8106087446212769,0.5802090764045715
77309,pick,cup_green,0.7568082809448242,-0.25615134835243225,0.9715958833694458,-0.03090728633105755,0.02776498906314373,0.6083710193634033,-0.7925645709037781
77655,place,cup_green,0.7313223481178284,2.2253990173339844,0.7762334942817688,0.016879305243492126,-0.020547332242131233,0.847919225692749,0.5294581055641174
78238,pick,plate_blue,-1.140425205230713,-0.06365989148616791,0.8399425148963928,-0.00026011536829173565,0.010727141052484512,0.968865692615509,0.24735437333583832
78639,place,plate_blue,0.34098020195961,2.14766001701355,0.7462365031242371,0.0019430926768109202,-0.006661015562713146,0.14842432737350464,0.9888994693756104
79203,pick,cup_blue,-1.1076245307922363,-0.23681145906448364,0.8755853772163391,-0.0002780924551188946,0.049897585064172745,0.946739673614502,-0.3181104362010956
79638,place,cup_blue,0.4705308973789215,2.1644020080566406,0.7744477987289429,0.021878879517316818,-0.032566335052251816,0.4588428735733032,0.8876508474349976
80217,pick,jug,-1.092287540435791,0.0691034197807312,1.3324607610702515,-0.0017085657455027103,0.0043183485977351665,-0.2529435455799103,-0.9674698710441589
80709,place,jug,0.5661653280258179,2.3960556983947754,0.8843498229980469,0.009122089482843876,0.019246533513069153,0.7706904411315918,-0.6368536949157715
81517,pick,cup_blue,0.47527411580085754,2.1755268573760986,0.7534207105636597,0.013180585578083992,0.022838419303297997,0.43418169021606445,0.9004392623901367
82069,place,cup_blue,0.7660548686981201,-0.29682379961013794,0.9662254452705383,-0.012291282415390015,-0.0016299652634188533,0.28168562054634094,0.9594266414642334
82377,pick,cup_red,-1.1338316202163696,-0.2265750616788864,1.5772240161895752,-0.0036980966106057167,0.004342701751738787,-0.2646084129810333,-0.9643391370773315
82682,place,cup_red,0.6253781318664551,-0.2908654510974884,0.9658713936805725,0.04948220029473305,0.003781809937208891,0.9987337589263916,0.008247806690633297
83250,pick,cup_pink,0.66059809923172,2.1008660793304443,0.7492637038230896,0.007625821512192488,0.0002554191742092371,-0.9997802972793579,-0.0195267666131258
83874,place,cup_pink,0.7609045505523682,-0.24247713387012482,0.7068824768066406,-0.027102073654532433,-0.03888065367937088,-0.11157096922397614,0.9926257133483887
84533,pick,cup_green,0.7180973887443542,2.230989933013916,0.7470666170120239,0.00017186849436257035,-0.011736101470887661,0.8003259301185608,0.5994503498077393
85162,place,cup_green,0.6299700736999512,-0.26169857382774353,0.6940251588821411,0.02350129559636116,0.0184621699154377,-0.4339632987976074,0.9004347324371338
86293,pick,plate_pink,0.6675339341163635,1.981235146522522,0.7175564169883728,-0.022308003157377243,0.018299298360943794,0.6914603114128113,0.7218379974365234
86706,place,plate_pink,-1.124258041381836,-0.22013866901397705,1.5545837879180908,0.01780563034117222,-0.03072321228682995,0.9633601307868958,0.2658501863479614
87262,pick,plate_green,0.8704507350921631,2.2522177696228027,0.7170426845550537,-0.011905324645340443,-0.04750458896160126,-0.7857178449630737,0.6166434288024902
87721,place,plate_green,-1.1213536262512207,-0.19779731333255768,1.1902779340744019,0.030120307579636574,-0.04594726487994194,-0.14944544434547424,0.9872425198554993
88180,pick,cup_pink,0.7677740454673767,-0.24330392479896545,0.6777386665344238,-0.03896735981106758,-0.04050230607390404,-0.014910837635397911,0.998308002948761
88511,place,cup_pink,-1.1217119693756104,-0.0187990739941597,1.2277898788452148,-0.014641344547271729,0.04300239309668541,-0.6068618893623352,0.7935081720352173
89042,pick,cup_green,0.6314758658409119,-0.2609087824821472,0.6750936508178711,0.00862350407987833,-0.03631323203444481,-0.48556259274482727,0.873404860496521
89370,place,cup_green,-1.128771185874939,0.1203865259885788,1.2299718856811523,0.055342741310596466,0.018620813265442848,-0.9232242107391357,0.3797992169857025
89895,pick,cup_blue,0.7684827446937561,-0.2858065962791443,0.9756854176521301,-0.028081273660063744,0.03629221394658089,0.16608086228370667,0.9850439429283142
90231,place,cup_blue,-1.1059831380844116,-0.26657551527023315,0.8909561038017273,0.004324120469391346,0.0018960250308737159,-0.9678593277931213,0.2514478266239166
90813,pick,plate_blue,0.33812734484672546,2.14803147315979,0.7213678359985352,-0.01824089139699936,-0.018967298790812492,0.15281620621681213,0.9879042506217957
91168,place,plate_blue,-1.1145284175872803,-0.06346870958805084,0.8654531240463257,0.019702203571796417,-0.03551403433084488,0.9839184284210205,0.17394021153450012
92282,pick,cup_blue,-1.1202669143676758,-0.2707722783088684,0.8761958479881287,0.0008628399227745831,-0.04096998646855354,-0.9738843441009521,0.2233159840106964
92716,place,cup_blue,0.7848477959632874,-0.24877513945102692,0.9665026664733887,0.007102005649358034,-0.0036368139553815126,-0.22911961376667023,-0.9733656644821167
93048,pick,cup_green,-1.139996886253357,0.10929684340953827,1.2242993116378784,-0.03990558534860611,-0.0051980530843138695,-0.9593324661254883,0.2793956696987152
93452,place,cup_green,0.767418384552002,-0.24514341354370117,0.6828606724739075,-0.006710896734148264,-0.008616420440375805,0.21105171740055084,-0.9774139523506165
93837,pick,cup_pink,-1.1300779581069946,-0.008635330945253372,1.2244545221328735,-0.0464993454515934,-0.031876321882009506,-0.7232957482337952,0.6882332563400269
94191,place,cup_pink,0.6352803111076355,-0.24019157886505127,0.7007826566696167,0.015591190196573734,-0.008328713476657867,0.5157024264335632,-0.8565854430198669
94710,pick,plate_blue,-1.140709400177002,-0.07619543373584747,0.8427762985229492,-0.02168363146483898,-0.016275351867079735,0.9714909791946411,0.23552128672599792
95073,place,plate_blue,0.3437044024467468,2.088761329650879,0.7200460433959961,-0.06439542025327682,-0.028548315167427063,0.3173958957195282,0.945673406124115
95552,pick,cup_blue,0.7822385430335999,-0.24739933013916016,0.966681957244873,-0.0005218579899519682,-0.004632734227925539,-0.21213001012802124,-0.9772303104400635
96019,place,cup_blue,0.3718089163303375,1.9077887535095215,0.7686877250671387,-0.02489248290657997,-0.0012734571937471628,-0.21056891977787018,-0.9772611856460571
97091,pick,plate_red,-1.1415601968765259,0.031027885153889656,1.5473629236221313,-0.02210252173244953,-0.0011692370753735304,0.4340435266494751,-0.9006200432777405
97492,place,plate_red,0.6553849577903748,1.932521104812622,0.7379427552223206,-0.016686156392097473,0.016611315310001373,0.9973309636116028,0.06911275535821915
98013,pick,plate_pink,-1.1438958644866943,-0.21410271525382996,1.5473021268844604,0.032311487942934036,-0.06980831176042557,0.9580385088920593,0.27612489461898804
98436,place,plate_pink,0.8450077176094055,2.2219619750976562,0.7291117906570435,-0.056087903678417206,-0.019854780286550522,-0.15016213059425354,0.9868695139884949
98991,pick,cup_red,0.6289517879486084,-0.2772755026817322,0.968436598777771,0.13609956204891205,0.02014291286468506,0.9889869093894958,-0.054554618895053864
99466,place,cup_red,0.782547116279602,1.970897912979126,0.7605043649673462,0.04385771602392197,-0.0004134570772293955,0.9384660124778748,-0.3425753116607666
100052,pick,cup_pink,0.6249741315841675,-0.24851259589195251,0.6689034104347229,0.0029159593395888805,0.02149794064462185,0.5407870411872864,-0.8408797383308411
100745,place,cup_pink,0.8110449910163879,2.4145963191986084,0.7576573491096497,0.0011565518798306584,0.02512253448367119,-0.27530810236930847,-0.9610270857810974
101913,pick,plate_pink,0.8420693874359131,2.2407848834991455,0.7077159881591797,0.011663229204714298,-0.006543802097439766,-0.12017416954040527,0.992662787437439
102372,place,plate_pink,-1.1174893379211426,0.039673008024692535,1.2220406532287598,-0.031128134578466415,-0.028718579560518265,0.7917519807815552,0.6093727946281433
102983,pick,cup_pink,0.8169276714324951,2.411282539367676,0.7526649832725525,-0.09287763386964798,0.04418783634901047,-0.3028911054134369,-0.9474588632583618
103358,place,cup_pink,-1.0736265182495117,-0.18898743391036987,1.588466763496399,-0.01959720067679882,0.0356624536216259,-0.8004137277603149,0.5980653166770935
104316,pick,jug,0.5801593661308289,2.389113426208496,0.8672083616256714,0.02929096668958664,0.007105980068445206,0.7377368211746216,-0.6744152903556824
104793,place,jug,0.6927254796028137,-0.2573806643486023,1.0929186344146729,-0.008921295404434204,-0.029540564864873886,-0.8467654585838318,0.5310708284378052
105142,pick,cup_green,0.7665612697601318,-0.2500513195991516,0.668361246585846,-0.017226753756403923,-0.020650725811719894,0.24733518064022064,-0.9685567617416382
105485,place,cup_green,-1.1047766208648682,-0.10370543599128723,1.5865812301635742,-0.034911662340164185,-0.0027114490512758493,0.8432157635688782,-0.536433756351471
105732,pick,bowl,-1.1157965660095215,-0.17139925062656403,0.5463448762893677,0.6736637353897095,0.11325941234827042,0.12688373029232025,0.7192009687423706
106079,place,bowl,0.669942319393158,-0.24818339943885803,0.7576523423194885,-0.4870283007621765,-0.5087454319000244,-0.49002909660339355,-0.5136663317680359
107163,pick,jug,0.684081494808197,-0.2639021873474121,1.0910669565200806,-0.010510049760341644,-0.0010978853097185493,-0.9169480800628662,0.3988666236400604
107615,place,jug,-1.063931941986084,-0.18483108282089233,0.9849371910095215,0.009649938903748989,-0.02345198392868042,-0.39021947979927063,-0.9203726053237915
107859,pick,cup_pink,-1.0975557565689087,-0.26098012924194336,1.5766681432724,-0.00040777225513011217,0.015688825398683548,-0.9272828698158264,0.37403231859207153
108262,place,cup_pink,0.751823902130127,-0.2536994218826294,0.9672316312789917,-0.0029930011369287968,-0.000950209388975054,0.2816818952560425,-0.9595027565956116
108467,pick,bowl,0.6822755336761475,-0.2584992051124573,0.7220192551612854,-0.469851553440094,-0.5022462010383606,-0.5587942004203796,-0.4633975923061371
108810,place,bowl,-1.1064790487289429,0.04654090479016304,0.9007961750030518,-0.7023937106132507,-0.05718816816806793,0.03227949142456055,-0.7087528705596924
109023,pick,cup_green,-1.124202013015747,-0.11182260513305664,1.5766870975494385,0.0028471513651311398,0.008560243993997574,0.8519026041030884,-0.5236227512359619
109277,place,cup_green,0.6175132989883423,-0.262021541595459,0.9633034467697144,0.0002337718178750947,0.0265374556183815,0.31156396865844727,0.9498546123504639
109821,pick,cup_blue,0.3778880536556244,1.919502854347229,0.7479256391525269,-0.0049498542211949825,-0.0294415894895792,-0.14519762992858887,-0.9889521598815918
110392,place,cup_blue,0.7480476498603821,-0.24334850907325745,0.6917639970779419,-0.054902102798223495,-0.000857928826007992,0.6346384882926941,-0.7708560228347778
111247,pick,cup_red,0.783524215221405,1.979851484298706,0.7456715703010559,0.02346072532236576,-0.0054968358017504215,0.9604758024215698,-0.27731865644454956
111956,place,cup_red,0.6231426000595093,-0.2602006793022156,0.6687535643577576,-0.001531329471617937,-0.02979310415685177,0.47629404067993164,0.878779947757721
112772,pick,plate_green,-1.1313588619232178,-0.19979362189769745,1.1832554340362549,0.009268835186958313,-0.01890931837260723,-0.1450185626745224,0.9892048239707947
113150,place,plate_green,-1.1309900283813477,-0.1999177783727646,1.1831735372543335,0.008280905894935131,-0.018465926870703697,-0.1448986828327179,0.989239513874054
113587,pick,cup_red,0.6266891360282898,-0.26024943590164185,0.6687929630279541,-0.07605454325675964,-0.0011054710485041142,0.4881674647331238,0.8694292306900024
113971,place,cup_red,-1.0839452743530273,-0.10511563718318939,1.584672212600708,-0.007075016386806965,-0.017085161060094833,0.3048208951950073,0.9522301554679871
114526,pick,plate_red,0.6515322327613831,1.9510692358016968,0.7258387207984924,-0.002591451397165656,0.0433863028883934,0.9990289807319641,-0.007210192270576954
114948,place,plate_red,-1.109752893447876,0.10639537870883942,1.5637118816375732,-0.09651507437229156,0.013636286370456219,0.4701400101184845,-0.8771927952766418
116175,pick,cup_blue,0.7596657872200012,-0.2487151026725769,0.6699975728988647,-0.02567501924932003,0.0012855129316449165,0.6164385080337524,-0.7869833707809448
116853,place,cup_blue,0.36140596866607666,1.9330649375915527,0.7684279084205627,0.013194054365158081,-0.026982689276337624,0.34733104705810547,0.9372614622116089
117395,pick,plate_green,-1.1260936260223389,-0.20722973346710205,1.1934760808944702,0.027933167293667793,-0.08673751354217529,-0.16394634544849396,0.9822515249252319
117814,place,plate_green,0.6744856834411621,1.9522370100021362,0.7370103001594543,-0.1162276491522789,-0.13214869797229767,-0.9665979743003845,0.18632285296916962
118319,pick,cup_green,-1.1002750396728516,-0.2622486352920532,1.5716496706008911,-0.02728518657386303,0.047176919877529144,-0.5962199568748474,0.8009692430496216
118777,place,cup_green,0.8477457761764526,1.9495506286621094,0.754749059677124,-0.03877002373337746,-0.03564772382378578,-0.5547822713851929,-0.8303269147872925
119235,pick,bowl,-1.1133729219436646,0.05240032076835632,0.896004319190979,-0.6956599950790405,0.035623181611299515,0.032291531562805176,-0.7167603373527527
119663,place,bowl,0.6145516633987427,2.2528514862060547,0.8026310205459595,-0.06271595507860184,0.692521870136261,0.7144718766212463,-0.0775250494480133
119892,pick,cup_blue,0.3613613247871399,1.9331406354904175,0.7567664980888367,-0.0369248241186142,0.06111953780055046,0.33165326714515686,0.94069504737854
120402,place,cup_blue,0.6266706585884094,-0.2596321105957031,0.9642515778541565,0.008969765156507492,0.02903056889772415,0.400348037481308,0.9158593416213989
120724,pick,cup_red,-1.1179391145706177,-0.12413477897644043,1.576358675956726,0.02250385656952858,-0.022379130125045776,0.3141784965991974,0.9488333463668823
121165,place,cup_red,0.7657110095024109,-0.22443819046020508,0.6673012375831604,-0.01973843388259411,0.021914605051279068,-0.9175853133201599,-0.39644333720207214
121822,pick,cup_green,0.866730272769928,1.9520471096038818,0.7526019811630249,-0.07435552775859833,0.0458807535469532,-0.411653995513916,-0.9071422815322876
122447,place,cup_green,0.6180420517921448,-0.2521744966506958,0.6995726823806763,-0.0064097195863723755,-0.02411779575049877,0.6341114640235901,-0.7728388905525208
123518,pick,bowl,0.6301817297935486,2.264979362487793,0.7809147834777832,-0.044536661356687546,0.6830124258995056,0.7268909811973572,-0.056036341935396194
123880,place,bowl,-1.1180834770202637,0.07733909040689468,0.9077186584472656,0.7294729948043823,-0.07563896477222443,-0.0967785194516182,0.6728906035423279
124339,pick,plate_blue,0.35936295986175537,2.1100428104400635,0.7201180458068848,-0.008678401820361614,0.02895926870405674,0.2643701434135437,0.9639474153518677
124680,place,plate_blue,-1.1052109003067017,-0.20277312397956848,1.2206448316574097,0.057076383382081985,0.02382127195596695,-0.8855241537094116,0.4604584872722626
125147,pick,plate_green,0.6711043119430542,1.965390920639038,0.7168629765510559,-0.02971489168703556,-0.0614771842956543,-0.9577667713165283,0.27932122349739075
125552,place,plate_green,-1.1330437660217285,-0.17054879665374756,1.545535922050476,-0.07931619137525558,0.05366046354174614,-0.42718103528022766,-0.8990805745124817
126819,pick,cup_blue,0.6343997120857239,-0.2600955069065094,0.9755030870437622,0.004985583480447531,0.005158599466085434,0.37659943103790283,0.9263484477996826
127230,place,cup_blue,-0.9494417905807495,0.0692981407046318,0.6568264365196228,0.03621372580528259,-0.04429759830236435,-0.9785127639770508,0.19808869063854218
127717,pick,cup_pink,0.751415491104126,-0.2473444789648056,0.969727635383606,-0.04028547182679176,0.08793932944536209,0.18772564828395844,-0.9774471521377563
127919,place,cup_pink,-1.0871955156326294,-0.12864001095294952,0.5391335487365723,0.028815723955631256,0.02747434750199318,-0.9978902339935303,0.051284123212099075
128196,pick,jug,-1.053789496421814,-0.20076392590999603,0.9782971143722534,-0.0009913695976138115,-0.001455729710869491,-0.3302857279777527,-0.9438793659210205
128466,place,jug,0.6733797192573547,-0.24288809299468994,1.1343177556991577,-0.009294076822698116,0.02842607907950878,0.9564304947853088,-0.2904243469238281
128822,pick,cup_red,0.7671409845352173,-0.22131967544555664,0.6678687930107117,-0.021510079503059387,0.01808360032737255,-0.9110509157180786,-0.4113350808620453
129160,place,cup_red,-1.08137845993042,-0.2608667314052582,0.8695592284202576,-0.012715060263872147,0.005071579944342375,-0.3006562888622284,-0.9536343216896057
129627,pick,cup_green,0.6309118866920471,-0.2555941939353943,0.6724774837493896,0.018345514312386513,0.02254144474864006,0.583358108997345,-0.811694860458374
129981,place,cup_green,-1.1125775575637817,-0.1330050379037857,0.8634997010231018,-0.00532281119376421,0.00043862807797268033,0.9737709164619446,-0.22746838629245758
130104,pick,bowl,-1.1139856576919556,0.07424400746822357,0.8976733684539795,0.6605998873710632,-0.1268938034772873,-0.15449288487434387,0.7236281037330627
130460,place,bowl,0.680338978767395,-0.24117034673690796,0.7149415612220764,-0.5499709248542786,-0.4370267987251282,-0.5039085149765015,-0.5026089549064636
131378,pick,plate_pink,-1.1344977617263794,0.031559962779283524,1.192948818206787,-0.04179931804537773,-0.025640038773417473,0.7807705998420715,0.6228905320167542
131807,place,plate_pink,0.8494999408721924,2.1942853927612305,0.722808837890625,-0.06821538507938385,-0.03140062838792801,-0.19602155685424805,0.9777199029922485
132247,pick,plate_red,-1.153358817100525,0.08504658192396164,1.5430196523666382,-0.01496097631752491,0.03311118856072426,0.5439585447311401,-0.8383250832557678
132614,place,plate_red,0.568938672542572,2.419826030731201,0.7259289026260376,0.041520748287439346,0.07238058000802994,0.9958989024162292,0.034965988248586655
133041,pick,plate_blue,-1.1145154237747192,-0.22131821513175964,1.194272756576538,0.04936510697007179,0.008432961069047451,-0.8993949294090271,0.4342587888240814
133416,place,plate_blue,0.627477765083313,1.9503754377365112,0.7297907471656799,-0.0007656856323592365,-0.10444913059473038,-0.36578860878944397,-0.9248180985450745
133848,pick,cup_green,-1.1186912059783936,-0.12681859731674194,0.8698155283927917,-0.0336291640996933,0.04146778956055641,0.9810386300086975,-0.18631349503993988
134211,place,cup_green,0.34691447019577026,2.0150070190429688,0.7568144202232361,0.050349388271570206,-0.0037107954267412424,0.23070022463798523,0.9717143177986145
134662,pick,cup_red,-1.0793555974960327,-0.25511428713798523,0.8683279156684875,0.014240812510251999,0.05265570059418678,-0.2961215376853943,-0.9535914659500122
135061,place,cup_red,0.3863717019557953,2.4216768741607666,0.7686712145805359,0.012024704366922379,0.004014219157397747,0.9130949378013611,-0.40755003690719604
135518,pick,cup_pink,-1.1112791299819946,-0.14485959708690643,0.5236386656761169,0.011777276173233986,-0.053128767758607864,-0.9985040426254272,0.00532261049374938
135970,place,cup_pink,0.840029239654541,2.3600783348083496,0.7668619155883789,-0.013048040680587292,0.011616594158113003,-0.5884106755256653,-0.8083735108375549
136444,pick,cup_blue,-1.1470251083374023,0.10234230011701584,0.5178380012512207,-0.022265752777457237,0.028859758749604225,-0.9934057593345642,0.10870268195867538
136876,place,cup_blue,0.7957915663719177,1.9433107376098633,0.7609726190567017,0.005475951824337244,0.007060672156512737,-0.48052528500556946,-0.8769353032112122
137369,pick,plate_green,-1.1532601118087769,-0.1833195984363556,1.5439058542251587,-0.024879485368728638,0.0503486767411232,-0.3735681474208832,-0.9259011149406433
137731,place,plate_green,0.3493785858154297,2.2308998107910156,0.735827624797821,0.16486182808876038,-0.019726967439055443,0.9157580733299255,-0.36581239104270935
138286,pick,jug,0.6863648295402527,-0.2742198705673218,1.0941517353057861,0.006224952172487974,-0.04348871111869812,0.9352561831474304,-0.3512348234653473
138767,place,jug,0.5752771496772766,2.1518588066101074,0.893297553062439,-0.005692389328032732,-0.000853369478136301,0.6820201277732849,-0.7313107848167419
139767,pick,plate_pink,0.853530764579773,2.2049295902252197,0.7181283831596375,-0.024389278143644333,-0.022635184228420258,-0.13617660105228424,0.9901255965232849
140187,place,plate_pink,-1.1269358396530151,-0.23127083480358124,0.8389771580696106,0.03204982355237007,-0.01733148656785488,0.7683025002479553,0.6390490531921387
140661,pick,cup_red,0.40305095911026,2.4466421604156494,0.7538608312606812,0.02685099095106125,-0.004202903714030981,0.9257524013519287,-0.37715253233909607
141086,place,cup_red,-1.108681559562683,-0.2660827040672302,1.585391879081726,0.03254079818725586,0.014518668875098228,-0.25016605854034424,-0.9675470590591431
141604,pick,plate_red,0.5771750807762146,2.4307734966278076,0.7184975743293762,0.02004116028547287,0.030360745266079903,0.9981904625892639,0.04787898436188698
141995,place,plate_red,-1.1478724479675293,0.021731339395046234,0.8337228894233704,-0.0013730459613725543,0.0032191628124564886,0.20838342607021332,-0.9780409336090088
142472,pick,cup_pink,0.8291928768157959,2.367891550064087,0.7497982382774353,-0.03879835829138756,0.013627516105771065,-0.5087715983390808,-0.8599188923835754
142912,place,cup_pink,-1.0923881530761719,-0.11061063408851624,1.5803674459457397,0.009195441380143166,-0.03143884241580963,-0.8547334671020508,0.5180325508117676
145342,pick,cup_blue,0.8111470937728882,1.9585658311843872,0.7507930994033813,-0.05236978083848953,-0.10608787089586258,-0.41409832239151,-0.9025105834007263
145592,place,cup_blue,0.7624974846839905,-0.2598157823085785,0.9727359414100647,-0.036156073212623596,-0.005968812853097916,-0.6502137780189514,0.758867084980011
145986,pick,cup_green,0.36969882249832153,2.041255474090576,0.7628041505813599,0.12989428639411926,0.08901719003915787,0.16878584027290344,0.9729927182197571
146250,place,cup_green,0.6199196577072144,-0.26523756980895996,0.9804246425628662,0.041007161140441895,-0.005077191162854433,0.7450897693634033,-0.6656830906867981
146426,pick,bowl,0.6762970685958862,-0.25646519660949707,0.7072232365608215,-0.4685598313808441,-0.48194700479507446,-0.5308700799942017,-0.5160967707633972
146847,place,bowl,-1.0975617170333862,-0.15676672756671906,0.5566397905349731,-0.6835585832595825,-0.08616933226585388,-0.09850691258907318,-0.7180660963058472
147075,pick,cup_pink,-1.1103277206420898,-0.11732427030801773,1.574821949005127,-0.012783060781657696,0.016336960718035698,-0.8868662714958191,0.4615603983402252
147396,place,cup_pink,0.7563480138778687,-0.2475947141647339,0.6851465702056885,0.06300278753042221,0.03142501041293144,-0.5425518155097961,0.8370667695999146
147859,pick,cup_red,-1.1141115427017212,-0.268721342086792,1.5760080814361572,-0.07594237476587296,-0.004514230880886316,-0.2931565046310425,-0.9530329704284668
148266,place,cup_red,0.6375105381011963,-0.25937995314598083,0.6687291860580444,-0.010371005162596703,-0.02710201032459736,0.5778881311416626,0.8156000375747681
149791,pick,plate_green,0.3519590198993683,2.220125675201416,0.7181577086448669,0.0014526555314660072,0.05688393488526344,0.9462431073188782,-0.3184121251106262
150135,place,plate_green,-1.1253035068511963,-0.18713876605033875,1.1971596479415894,-0.0862422063946724,-0.003857523435726762,0.10064137727022171,-0.9911704063415527
150478,pick,cup_red,0.6403111815452576,-0.2575366199016571,0.668714165687561,-0.02393760159611702,-0.027285046875476837,0.5813586115837097,0.812837541103363
150874,place,cup_red,-1.0884941816329956,-0.21406538784503937,1.5873702764511108,-0.010106518864631653,0.01305259671062231,0.6668915748596191,0.7449719309806824
151371,pick,cup_green,0.6310946345329285,-0.2736578583717346,0.9695146083831787,-0.020199980586767197,-0.0045998250134289265,0.751933217048645,-0.6589136719703674
151745,place,cup_green,-1.1138582229614258,-0.061674147844314575,1.5737026929855347,0.02579508349299431,-0.0009993778076022863,0.9030851721763611,-0.42868489027023315
152925,pick,cup_blue,0.7701846361160278,-0.2703934907913208,0.9732226133346558,0.054015859961509705,0.017684465274214745,-0.6356188654899597,0.7699079513549805
153297,place,cup_blue,-1.1257376670837402,0.05762949585914612,1.58168363571167,-0.052378199994564056,-0.012298375368118286,-0.986143171787262,0.15693004429340363
153774,pick,plate_blue,0.6253442764282227,1.9510846138000488,0.7107175588607788,-0.0032357079908251762,0.02188771776854992,-0.3110763132572174,-0.9501273036003113
154205,place,plate_blue,-1.1201503276824951,0.05727812275290489,1.2226157188415527,-0.026385126635432243,0.061702191829681396,-0.9286715984344482,-0.3647817075252533
155736,pick,plate_red,-1.1447774171829224,0.023032337427139282,0.8429402709007263,0.010056980885565281,0.0661071240901947,0.2335638701915741,-0.9700395464897156
156143,place,plate_red,0.3552684187889099,2.1071548461914062,0.730834424495697,-0.017372120171785355,0.04348357766866684,0.9889174699783325,-0.1408890187740326
156601,pick,plate_pink,-1.1254751682281494,-0.22747032344341278,0.8359004855155945,0.008542596362531185,-0.029019154608249664,0.7742453217506409,0.63216233253479
157057,place,plate_pink,0.5993601083755493,2.4470629692077637,0.7238839864730835,-0.09275288879871368,-0.020259564742445946,-0.7745749354362488,0.6253159642219543
157541,pick,plate_blue,-1.146539568901062,0.028443746268749237,1.1900638341903687,0.016228148713707924,0.013779370114207268,-0.9496634006500244,-0.31254804134368896
158000,place,plate_blue,0.8561059236526489,2.202888250350952,0.7296730279922485,0.026961438357830048,0.04271366074681282,-0.4247901141643524,-0.9038816690444946
158487,pick,plate_green,-1.1338852643966675,-0.1990247368812561,1.1897788047790527,-0.03376903757452965,0.045067984610795975,0.06179957464337349,-0.9964985251426697
158905,place,plate_green,0.6362087726593018,1.9555878639221191,0.7294663190841675,-0.006932185031473637,0.06012430787086487,0.9176620244979858,-0.39272573590278625
159234,pick,cup_pink,0.7587428092956543,-0.25209173560142517,0.6739042401313782,-0.007486625108867884,-0.06782181560993195,-0.6324208974838257,0.7716138362884521
159711,place,cup_pink,0.7783092260360718,2.435142755508423,0.7636278867721558,-0.0035562601406127214,-0.0015319259837269783,-0.9102543592453003,-0.4140315651893616
160218,pick,cup_blue,-1.1362160444259644,0.027806296944618225,1.5735002756118774,-0.045554742217063904,0.027840351685881615,-0.9807934165000916,0.18760043382644653
160653,place,cup_blue,0.8952158689498901,2.0218515396118164,0.7587336897850037,0.021452251821756363,0.003238688688725233,-0.7586677074432373,-0.6511164307594299
161118,pick,cup_green,-1.1245335340499878,-0.08107990771532059,1.569778323173523,-0.012388335540890694,-0.03085317276418209,0.9408291578292847,-0.33724653720855713
161539,place,cup_green,0.4704105854034424,1.9372978210449219,0.7567248344421387,-0.022876350209116936,-0.003310868749395013,0.904289186000824,0.4262942969799042
162034,pick,cup_red,-1.0991771221160889,-0.22716358304023743,1.5755764245986938,0.010238531976938248,-0.042878758162260056,0.6056512594223022,0.7945082187652588
162439,place,cup_red,0.33351582288742065,2.3060288429260254,0.7729352712631226,-0.02952996827661991,0.02312490902841091,-0.7678186893463135,0.6395683288574219
163145,pick,plate_red,0.3685539960861206,2.1103367805480957,0.7177731990814209,0.048641156405210495,0.0043196966871619225,0.984436571598053,-0.16881991922855377
163537,place,plate_red,-1.1158020496368408,-0.194191113114357,1.1870932579040527,0.013421640731394291,0.0017183693125844002,-0.24387043714523315,-0.9697135090827942
164039,pick,plate_green,0.6571065187454224,1.9497665166854858,0.7157867550849915,0.04903816804289818,-0.007465185597538948,0.9203149080276489,-0.38802066445350647
164441,place,plate_green,-1.1394518613815308,0.037114351987838745,1.1932919025421143,-0.04382796958088875,0.06327173858880997,-0.1851748824119568,-0.9796867966651917
164929,pick,plate_pink,0.6057310104370117,2.4525723457336426,0.7170392870903015,-0.05353046953678131,0.008924540132284164,-0.7095099091529846,0.7026028037071228
165287,place,plate_pink,-1.1288851499557495,-0.17930157482624054,0.8352561593055725,0.00019208954472560436,-0.030577706173062325,0.68241947889328,0.730320930480957
165771,pick,jug,0.5912444591522217,2.1678130626678467,0.8652381300926208,0.01879226788878441,-0.0004112145397812128,0.6783653497695923,-0.7344843149185181
166185,place,jug,-1.052925705909729,-0.19891464710235596,1.7027297019958496,0.024199368432164192,0.01854732632637024,0.5979713201522827,0.8009373545646667
166667,pick,cup_green,0.4694713354110718,1.9419368505477905,0.749006450176239,0.005081120412796736,-0.013686173595488071,0.8345998525619507,0.5506631731987
167032,place,cup_green,-1.1019155979156494,-0.04913882538676262,1.5886304378509521,-0.015689939260482788,0.038176149129867554,-0.559707522392273,0.8276617527008057
167464,pick,cup_red,0.33618679642677307,2.2930235862731934,0.7526256442070007,-0.008629795163869858,0.00972563587129116,-0.7669612765312195,0.6415616869926453
167836,place,cup_red,-1.1186896562576294,0.07004277408123016,1.578721284866333,-0.031020840629935265,0.04995506629347801,-0.6190651655197144,-0.7831350564956665
168324,pick,cup_pink,0.779224157333374,2.442638397216797,0.7507348656654358,-0.02390197478234768,0.009655412286520004,-0.8792374730110168,-0.4756856858730316
168688,place,cup_pink,-1.121877908706665,-0.0070098042488098145,0.8764004111289978,-0.07369623333215714,0.0006393863004632294,-0.7147701382637024,0.6954654455184937
169195,pick,cup_blue,0.8833223581314087,2.027923822402954,0.7520107626914978,-0.009426193311810493,0.019018717110157013,-0.5626751780509949,-0.8264054656028748
169591,place,cup_blue,-1.1166683435440063,0.11383430659770966,0.869280219078064,0.00611566798761487,-0.011503036133944988,0.9666741490364075,-0.25567829608917236
170098,pick,plate_blue,0.8444905877113342,2.211531639099121,0.7155426144599915,0.030388714745640755,-0.0015075893606990576,-0.4514687657356262,-0.8917680978775024
170479,place,plate_blue,-1.1611405611038208,0.05775320157408714,0.4923058748245239,0.04181811586022377,0.03763609007000923,-0.9945033192634583,0.08830654621124268
171336,pick,bowl,-1.1043609380722046,-0.19138993322849274,0.5451614260673523,-0.6774359941482544,-0.20063064992427826,-0.18679873645305634,-0.6825936436653137
171716,place,bowl,0.6834052205085754,-0.2719274163246155,0.700050950050354,-0.5015838742256165,-0.49256810545921326,-0.5485768914222717,-0.45260757207870483
172188,pick,jug,-1.0856672525405884,-0.22076308727264404,1.6854660511016846,0.013644610531628132,0.005270825233310461,0.5897142887115479,0.8074794411659241
172584,place,jug,0.6920905113220215,-0.2553223967552185,1.1070425510406494,0.0016396539285779,-0.0025103872176259756,-0.9831619262695312,-0.1827121078968048
173870,pick,plate_pink,-1.1265312433242798,-0.19451841711997986,0.8335928320884705,-0.014019768685102463,0.0008108565816655755,0.6946198344230652,0.7192400097846985
174223,place,plate_pink,0.322968065738678,2.1559226512908936,0.7198628783226013,-0.05709225684404373,-0.002169933170080185,-0.281653493642807,0.9578137397766113
174641,pick,cup_pink,-1.1012698411941528,-0.03665516525506973,0.8754504919052124,-0.1688920557498932,0.014388161711394787,-0.7669942378997803,0.6188605427742004
174996,place,cup_pink,0.33238330483436584,1.986520528793335,0.7683019638061523,0.01036987453699112,0.06240362301468849,-0.7723898887634277,-0.6319905519485474
175532,pick,bowl,0.6926510334014893,-0.2715076208114624,0.7044772505760193,-0.4524996876716614,-0.4998948574066162,-0.5547250509262085,-0.4874723553657532
175806,place,bowl,0.6620587110519409,2.1652348041534424,0.7736603617668152,0.46694687008857727,-0.522222101688385,-0.5525285601615906,0.4516158998012543
176621,pick,cup_pink,0.345600962638855,1.9751659631729126,0.7541672587394714,-0.10157379508018494,-0.023353174328804016,-0.7692869901657104,-0.6303450465202332
176852,place,cup_pink,0.7619467973709106,-0.24762293696403503,0.6977217793464661,0.0033376063220202923,-0.004897504113614559,-0.5462034940719604,0.8376315236091614
177105,pick,jug,0.685349702835083,-0.2611531615257263,1.0874673128128052,-0.0009241754887625575,0.025401117280125618,-0.9632944464683533,-0.26724129915237427
177527,place,jug,-1.0839983224868774,-0.17668667435646057,0.9798116683959961,-0.016631368547677994,-0.004807606805115938,-0.39360174536705017,-0.9191180467605591
177669,pick,cup_blue,-1.1305087804794312,0.10588513314723969,0.8667593598365784,0.011691635474562645,-0.03948697820305824,0.9342914819717407,-0.3541238605976105
178063,place,cup_blue,0.6250513195991516,-0.25331857800483704,0.675297737121582,0.009269158355891705,0.010809234343469143,-0.6130228638648987,0.789936900138855
178483,pick,cup_red,-1.1295497417449951,0.05704992264509201,1.572166919708252,-0.014475861564278603,-0.005067894235253334,-0.5220926403999329,-0.8527508974075317
178826,place,cup_red,0.7603437304496765,-0.25968870520591736,0.9944393634796143,-0.038687024265527725,-0.03616568073630333,0.9643042087554932,0.2594473958015442
179302,pick,cup_green,-1.1101540327072144,-0.07853776961565018,1.5734317302703857,-0.009798619896173477,-0.037370722740888596,-0.6429733633995056,0.7649136185646057
179671,place,cup_green,0.6048344373703003,-0.2634134888648987,0.9879745841026306,0.0176402498036623,0.028167037293314934,0.2474561184644699,-0.9683289527893066
180614,pick,cup_pink,0.7673500180244446,-0.23958516120910645,0.6735230088233948,0.0077582476660609245,-0.004193791653960943,-0.41943129897117615,0.9077442288398743
180925,place,cup_pink,0.35143306851387024,2.0046863555908203,0.75789475440979,-0.0372275672852993,-0.003901330754160881,-0.9822574257850647,-0.18376463651657104
181243,pick,cup_green,0.6197896003723145,-0.27118372917175293,0.9681350588798523,-0.0060730925761163235,-0.03898569568991661,0.1620909869670868,-0.9859867095947266
181577,place,cup_green,0.5091584324836731,2.4319140911102295,0.7535715699195862,-0.017872771248221397,-0.019881973043084145,0.9986801147460938,-0.04385567829012871
181897,pick,cup_red,0.7515044808387756,-0.25384798645973206,0.967402994632721,-0.022066641598939896,-0.0581769235432148,0.9516308903694153,0.3008776903152466
182203,place,cup_red,0.8534831404685974,2.3547286987304688,0.7720390558242798,0.005141893867403269,0.020267842337489128,-0.5076745748519897,0.8612951636314392
182521,pick,cup_blue,0.6265764236450195,-0.25553202629089355,0.6693595051765442,0.013838590122759342,0.0033332158345729113,-0.5790812969207764,0.8151456117630005
182828,place,cup_blue,0.8014699816703796,1.9569591283798218,0.7557964324951172,0.0015102181350812316,0.03643741458654404,-0.9891951680183411,-0.14199645817279816
183329,pick,plate_green,-1.1359302997589111,0.027807407081127167,1.1910234689712524,-0.014711570926010609,0.04515714943408966,-0.17445692420005798,-0.9835188388824463
183851,place,plate_green,0.6686535477638245,2.4593076705932617,0.7341136336326599,-0.007733423262834549,0.19928179681301117,0.41848310828208923,-0.8860580325126648
184342,pick,plate_red,-1.1096246242523193,-0.19037581980228424,1.1902821063995361,-0.009375812485814095,0.03321022167801857,-0.28923118114471436,-0.9566371440887451
184808,place,plate_red,0.88239985704422,2.198021173477173,0.7200798988342285,-0.0032375154551118612,0.06257171183824539,0.6803119778633118,-0.7302396893501282
185220,pick,plate_blue,-1.1625367403030396,0.047014184296131134,0.4857102930545807,0.005371781066060066,0.010859956964850426,-0.994942843914032,0.09970959275960922
185603,place,plate_blue,0.577788233757019,1.9687210321426392,0.7332370281219482,0.01748374104499817,0.02273443713784218,0.7733372449874878,0.6333459615707397
186417,pick,cup_blue,0.7964484095573425,1.9835478067398071,0.7529588341712952,-0.003046459751203656,-0.007888286374509335,-0.9854458570480347,-0.16977903246879578
186854,place,cup_blue,-1.0964086055755615,-0.22203803062438965,1.586225152015686,0.018817763775587082,0.02126958966255188,-0.5869258642196655,0.809142529964447
187371,pick,plate_blue,0.5865300297737122,1.9815499782562256,0.7160662412643433,-0.016329467296600342,-0.011858990415930748,0.7911096215248108,0.6113414168357849
187778,place,plate_blue,-1.1280025243759155,-0.07982968538999557,1.5457003116607666,-0.006993162911385298,-0.07056737691164017,0.9759833216667175,-0.20598039031028748
188193,pick,cup_pink,0.3498125672340393,1.999980092048645,0.7519875764846802,-0.009401745162904263,0.0009895978728309274,-0.9917787909507751,-0.127614825963974
188578,place,cup_pink,-1.1544482707977295,0.12168076634407043,1.5725797414779663,0.0033736047334969044,-0.017607826739549637,0.7294836640357971,-0.6837632060050964
189035,pick,plate_pink,0.33574768900871277,2.177833318710327,0.7212512493133545,-0.051756199449300766,-0.0010897574247792363,-0.24305403232574463,0.9686304330825806
189454,place,plate_pink,-1.112555980682373,-0.19750002026557922,1.1934956312179565,-0.018276149407029152,-0.05589468404650688,0.8273640871047974,0.5585790276527405
189963,pick,cup_green,0.49448004364967346,2.4334490299224854,0.7491855025291443,-0.08744800835847855,-0.0007253498188219965,0.9961586594581604,-0.004506570287048817
190336,place,cup_green,-1.130533218383789,0.002864699810743332,1.2309703826904297,-0.010955884121358395,0.017703762277960777,0.8219361901283264,-0.5691990852355957
190846,pick,plate_green,0.6494305729866028,2.467181921005249,0.7170896530151367,0.03306688740849495,0.0016159357037395239,0.44639232754707336,-0.8942247629165649
191179,place,plate_green,-1.1272414922714233,0.018489506095647812,0.851935625076294,-0.019941022619605064,0.010316153056919575,-0.890562117099762,-0.4543073773384094
192095,pick,cup_pink,-1.1385016441345215,0.11991287767887115,1.5737098455429077,0.02415781281888485,-0.03796492516994476,0.7988404035568237,-0.5998575091362
192405,place,cup_pink,0.389357328414917,2.003195285797119,0.7692954540252686,0.03040608949959278,0.012128021568059921,0.8056615591049194,0.5914709568023682
192883,pick,plate_pink,-1.1147204637527466,-0.22479447722434998,1.1931073665618896,-0.03984522074460983,-0.055950265377759933,0.810493528842926,0.5817063450813293
193274,place,plate_pink,0.38688838481903076,2.2185418605804443,0.7194364070892334,-0.05667482689023018,0.036817386746406555,-0.4113905429840088,0.9089500904083252
194359,pick,plate_green,-1.1471154689788818,0.016589941456913948,0.8301908373832703,-0.007110949140042067,0.007621764671057463,-0.851067841053009,-0.5249523520469666
194779,place,plate_green,0.6164283156394958,1.935410737991333,0.7271476984024048,0.03221239522099495,0.026347322389483452,0.40910279750823975,-0.9115388989448547
195232,pick,cup_green,-1.1172994375228882,-0.005946177989244461,1.2205917835235596,-0.006063240580260754,-0.04859461635351181,0.9219673871994019,-0.3841586709022522
195650,place,cup_green,0.7793886065483093,1.9411877393722534,0.7573124766349792,-0.022571919485926628,0.0321556031703949,0.5078034400939941,0.8605766892433167
196151,pick,plate_blue,-1.1351683139801025,-0.09262128174304962,1.5402543544769287,-0.00880418624728918,-0.0179819967597723,0.9700250029563904,-0.24217914044857025
196607,place,plate_blue,0.6038984656333923,2.456792116165161,0.7373431921005249,0.03018578514456749,0.1463804990053177,0.3365030884742737,0.9297458529472351
197111,pick,cup_blue,-1.1079155206680298,-0.25200963020324707,1.5763434171676636,-0.0350196473300457,-0.0087840361520648,-0.6065198183059692,0.7942481637001038
197550,place,cup_blue,0.4031029939651489,2.4183108806610107,0.7760916948318481,-0.008284371346235275,-0.009391560219228268,-0.7703280448913574,-0.6375249624252319
198500,pick,cup_pink,0.40600553154945374,2.0049736499786377,0.7529984712600708,0.012804496102035046,-0.004666827619075775,0.7869022488594055,0.6169272065162659
198907,place,cup_pink,-1.108801245689392,-0.22048866748809814,1.5850164890289307,0.010589547455310822,0.019745709374547005,0.6285643577575684,-0.7774347066879272
199408,pick,plate_pink,0.3968025743961334,2.20491361618042,0.7194240689277649,-0.040720559656620026,0.010182943195104599,-0.39770013093948364,0.916554868221283
199801,place,plate_pink,-1.102523684501648,-0.19632495939731598,1.2289317846298218,-0.02561964839696884,0.015351098030805588,0.8431652188301086,0.5368243455886841
200371,pick,cup_green,0.790589451789856,1.9439265727996826,0.7563486099243164,0.05011102929711342,-0.0011871149763464928,0.4430258274078369,0.8951065540313721
200850,place,cup_green,-1.1032838821411133,-0.08030322194099426,1.5967552661895752,0.031166519969701767,-0.006078123115003109,0.8835298418998718,-0.46729734539985657
201377,pick,plate_green,0.6224839687347412,1.945768117904663,0.7203381657600403,0.011487365700304508,0.010296136140823364,0.35954269766807556,-0.9330011606216431
201867,place,plate_green,-1.1385610103607178,0.02107030525803566,1.182382345199585,-0.02456371672451496,0.005190317519009113,-0.6739711165428162,-0.7383310794830322
202634,pick,cup_blue,0.4156360924243927,2.4297749996185303,0.752180814743042,-0.016097791492938995,0.0035082437098026276,-0.7361364960670471,-0.6766326427459717
203074,place,cup_blue,0.7584291696548462,-0.26189902424812317,0.9660179615020752,0.0006494614062830806,-0.0049865031614899635,-0.035239506512880325,0.999366283416748
203595,pick,cup_red,0.8575810194015503,2.3649544715881348,0.7511239051818848,-0.029221205040812492,-0.0035925768315792084,-0.5255641341209412,0.8502444624900818
203879,place,cup_red,0.6256669759750366,-0.26492345333099365,0.9685023427009583,0.031196272000670433,-0.011302043683826923,0.8128288388252258,0.5815567970275879
204319,pick,cup_green,-1.1289417743682861,-0.10785183310508728,1.574252724647522,0.028803972527384758,-0.01796569675207138,0.8888000249862671,-0.4570361375808716
204702,place,cup_green,0.7588307857513428,-0.25842490792274475,0.6708961725234985,0.06370088458061218,0.019745098426938057,-0.6727972626686096,0.7368149757385254
205149,pick,cup_pink,-1.1208633184432983,-0.2320556938648224,1.5744599103927612,-0.008467822335660458,-0.005071880761533976,0.6866526007652283,-0.7269187569618225
205557,place,cup_pink,0.6383578181266785,-0.265507310628891,0.6849900484085083,0.0010464282240718603,-0.017371024936437607,-0.6102103590965271,0.7920482754707336
206347,pick,plate_red,0.8752905130386353,2.1940741539001465,0.713900625705719,0.014234771020710468,0.027348436415195465,0.6548972129821777,-0.7550888061523438
206785,place,plate_red,-1.114017367362976,-0.17767216265201569,1.5444445610046387,-0.03802530840039253,-0.006109335925430059,-0.35650551319122314,-0.9334990978240967
207291,pick,bowl,0.6497501730918884,2.174283981323242,0.7760909795761108,0.48214516043663025,-0.5108604431152344,-0.5291372537612915,0.4759952425956726
207622,place,bowl,-1.1306861639022827,0.06931411474943161,0.8953915238380432,0.7001803517341614,-0.056878138333559036,-0.11578948050737381,0.7022144794464111
208058,pick,plate_blue,0.5867894887924194,2.4584527015686035,0.7155911922454834,-0.04329362511634827,-0.02835143730044365,0.33493736386299133,0.9408182501792908
208465,place,plate_blue,-1.1391990184783936,0.05521083250641823,1.5558444261550903,-0.013221370056271553,-0.09638317674398422,0.9627555012702942,0.25226444005966187
